Image_name,Gender
183806.jpg,female
189527.jpg,female
147985.jpg,female
025696.jpg,female
116641.jpg,male
094327.jpg,male
121980.jpg,male
031405.jpg,female
021102.jpg,female
078544.jpg,female
018933.jpg,male
028201.jpg,male
092115.jpg,male
039809.jpg,female
097022.jpg,female
089908.jpg,female
164030.jpg,female
011401.jpg,male
097500.jpg,female
008113.jpg,female
043917.jpg,female
180018.jpg,male
091883.jpg,female
180302.jpg,female
110291.jpg,female
117835.jpg,female
079620.jpg,male
183148.jpg,male
074155.jpg,female
193310.jpg,female
020014.jpg,female
192471.jpg,female
014009.jpg,male
199230.jpg,female
171163.jpg,female
183974.jpg,male
034084.jpg,female
107465.jpg,male
202063.jpg,female
095301.jpg,male
111033.jpg,female
155045.jpg,male
162807.jpg,male
052121.jpg,female
140168.jpg,male
195298.jpg,female
067723.jpg,male
052789.jpg,male
009408.jpg,female
039333.jpg,female
008292.jpg,female
069382.jpg,female
063448.jpg,female
117841.jpg,male
149007.jpg,female
037678.jpg,male
012942.jpg,male
018724.jpg,female
174795.jpg,female
113569.jpg,female
130827.jpg,female
118558.jpg,female
130618.jpg,female
044029.jpg,male
086487.jpg,female
007182.jpg,female
110915.jpg,male
168530.jpg,female
045984.jpg,female
123637.jpg,male
024897.jpg,male
036562.jpg,female
102137.jpg,female
068041.jpg,male
107441.jpg,female
003556.jpg,male
088269.jpg,male
113096.jpg,male
021468.jpg,male
125654.jpg,female
073798.jpg,female
140100.jpg,male
078583.jpg,male
049080.jpg,female
140725.jpg,female
105189.jpg,female
136882.jpg,male
131674.jpg,male
157088.jpg,female
043560.jpg,female
027514.jpg,female
019544.jpg,male
070139.jpg,male
032461.jpg,female
105680.jpg,female
078764.jpg,female
105755.jpg,female
030405.jpg,female
140470.jpg,male
026214.jpg,male
127698.jpg,female
153747.jpg,male
062283.jpg,male
111548.jpg,female
106157.jpg,female
175622.jpg,male
018594.jpg,female
089554.jpg,female
082829.jpg,female
030919.jpg,female
155821.jpg,female
134931.jpg,male
142708.jpg,male
068981.jpg,female
022040.jpg,female
056583.jpg,female
049318.jpg,female
155568.jpg,female
118922.jpg,female
033600.jpg,male
055318.jpg,male
133864.jpg,male
164810.jpg,male
166818.jpg,male
140210.jpg,female
022233.jpg,male
088903.jpg,male
073269.jpg,male
009001.jpg,male
162275.jpg,female
135625.jpg,male
104544.jpg,male
102239.jpg,male
193302.jpg,female
183655.jpg,male
200849.jpg,male
121548.jpg,male
199523.jpg,male
189698.jpg,male
084417.jpg,female
134032.jpg,male
016443.jpg,male
142245.jpg,female
142751.jpg,male
065741.jpg,female
049406.jpg,female
058747.jpg,female
144827.jpg,female
170638.jpg,male
086534.jpg,female
121537.jpg,female
108620.jpg,male
149509.jpg,female
118013.jpg,female
175569.jpg,male
120808.jpg,male
159928.jpg,male
026484.jpg,female
188041.jpg,female
022149.jpg,male
015060.jpg,female
011844.jpg,female
181507.jpg,female
139697.jpg,female
050164.jpg,female
140327.jpg,female
083968.jpg,male
109675.jpg,male
029690.jpg,female
153158.jpg,female
140244.jpg,male
089372.jpg,female
135605.jpg,female
149975.jpg,female
001465.jpg,female
058360.jpg,female
050004.jpg,male
197578.jpg,female
080791.jpg,male
171438.jpg,female
185592.jpg,female
158182.jpg,male
042310.jpg,female
075253.jpg,female
132798.jpg,female
127008.jpg,male
146375.jpg,male
048642.jpg,female
079604.jpg,male
149690.jpg,female
193379.jpg,male
161168.jpg,male
173330.jpg,female
005658.jpg,male
018270.jpg,female
131718.jpg,male
138523.jpg,male
159190.jpg,male
041856.jpg,male
177986.jpg,male
092269.jpg,female
084959.jpg,male
200248.jpg,male
007268.jpg,female
171317.jpg,female
148575.jpg,male
142729.jpg,female
047498.jpg,female
021966.jpg,female
028428.jpg,female
022272.jpg,female
089131.jpg,female
171369.jpg,male
185961.jpg,male
035641.jpg,male
151128.jpg,female
101543.jpg,female
171197.jpg,male
031581.jpg,male
024920.jpg,male
156706.jpg,female
101481.jpg,male
077338.jpg,female
089259.jpg,female
190371.jpg,female
094138.jpg,female
167680.jpg,female
135701.jpg,female
048850.jpg,male
173625.jpg,female
094262.jpg,female
032174.jpg,male
069317.jpg,female
088181.jpg,male
180087.jpg,female
085843.jpg,male
026670.jpg,male
194095.jpg,male
087247.jpg,female
060893.jpg,female
042754.jpg,female
123172.jpg,female
106332.jpg,male
147410.jpg,female
100615.jpg,male
174305.jpg,female
049448.jpg,female
095976.jpg,female
052622.jpg,female
047252.jpg,female
002467.jpg,female
048212.jpg,female
100137.jpg,male
169829.jpg,female
104119.jpg,male
015593.jpg,female
194969.jpg,female
162388.jpg,female
040442.jpg,female
174557.jpg,male
119232.jpg,female
110627.jpg,female
156504.jpg,female
194502.jpg,male
001014.jpg,female
039849.jpg,female
123964.jpg,male
045024.jpg,female
124506.jpg,female
038055.jpg,female
102056.jpg,male
026025.jpg,female
047141.jpg,female
026006.jpg,female
178422.jpg,male
026262.jpg,female
160505.jpg,female
128494.jpg,male
163365.jpg,male
068764.jpg,male
044058.jpg,female
129715.jpg,female
145711.jpg,male
124538.jpg,female
032168.jpg,male
181470.jpg,female
188948.jpg,male
034078.jpg,female
169632.jpg,female
100917.jpg,female
164044.jpg,male
095766.jpg,female
040022.jpg,female
123078.jpg,female
139250.jpg,male
133741.jpg,male
193095.jpg,male
131139.jpg,male
052249.jpg,male
121053.jpg,male
082493.jpg,male
194279.jpg,male
019091.jpg,male
068373.jpg,male
166470.jpg,male
051389.jpg,male
076239.jpg,male
070385.jpg,female
146884.jpg,female
072699.jpg,male
001719.jpg,female
083118.jpg,female
075704.jpg,female
106245.jpg,female
017837.jpg,female
132509.jpg,male
183706.jpg,male
105485.jpg,female
185532.jpg,female
066893.jpg,female
198791.jpg,male
113267.jpg,male
039747.jpg,female
108805.jpg,male
066600.jpg,male
124715.jpg,male
001319.jpg,female
175090.jpg,male
065062.jpg,male
055972.jpg,female
044397.jpg,male
123000.jpg,male
157297.jpg,female
025801.jpg,male
145578.jpg,female
097849.jpg,male
080073.jpg,female
169321.jpg,male
025676.jpg,male
042249.jpg,female
055520.jpg,female
089186.jpg,female
014011.jpg,male
030708.jpg,female
177564.jpg,male
188557.jpg,male
114441.jpg,male
047079.jpg,male
111108.jpg,female
119113.jpg,male
040346.jpg,male
142562.jpg,female
074877.jpg,female
025255.jpg,male
006058.jpg,female
181209.jpg,male
183867.jpg,female
082037.jpg,female
131110.jpg,male
107928.jpg,male
045778.jpg,female
154296.jpg,female
169638.jpg,female
050498.jpg,female
053481.jpg,female
025165.jpg,female
124155.jpg,female
081247.jpg,male
091031.jpg,male
192948.jpg,male
073296.jpg,female
066340.jpg,male
114378.jpg,female
049950.jpg,female
173541.jpg,female
005407.jpg,female
076782.jpg,male
101829.jpg,male
114233.jpg,male
188387.jpg,female
192022.jpg,male
031260.jpg,male
071970.jpg,male
095936.jpg,female
114105.jpg,male
104278.jpg,female
045309.jpg,male
031594.jpg,female
093127.jpg,male
055303.jpg,female
180649.jpg,male
191364.jpg,female
056882.jpg,male
003249.jpg,male
131754.jpg,male
146306.jpg,male
104456.jpg,female
131169.jpg,female
126427.jpg,male
155862.jpg,female
117904.jpg,female
033778.jpg,female
149538.jpg,female
126768.jpg,female
139042.jpg,male
032542.jpg,male
118357.jpg,female
186446.jpg,female
147150.jpg,female
097227.jpg,female
187806.jpg,male
167769.jpg,male
110229.jpg,male
128095.jpg,male
011570.jpg,female
160046.jpg,male
011163.jpg,male
162305.jpg,female
173041.jpg,female
175598.jpg,female
126680.jpg,male
092298.jpg,female
076747.jpg,male
137750.jpg,female
059498.jpg,male
164605.jpg,male
169287.jpg,female
152742.jpg,female
200462.jpg,male
082270.jpg,female
115511.jpg,male
098958.jpg,female
086501.jpg,male
139166.jpg,male
011507.jpg,female
164269.jpg,female
117526.jpg,male
015497.jpg,female
011232.jpg,female
103474.jpg,female
030805.jpg,female
202479.jpg,male
000961.jpg,female
125155.jpg,female
069532.jpg,female
017410.jpg,female
016772.jpg,male
051480.jpg,female
048291.jpg,male
185287.jpg,male
130636.jpg,female
088666.jpg,female
031773.jpg,male
149775.jpg,female
051973.jpg,male
125138.jpg,male
132511.jpg,female
074704.jpg,male
193418.jpg,male
024420.jpg,male
170513.jpg,male
100865.jpg,female
092516.jpg,male
078517.jpg,female
111593.jpg,male
017736.jpg,female
033161.jpg,female
010321.jpg,male
018670.jpg,male
176423.jpg,female
149459.jpg,female
147415.jpg,male
193108.jpg,female
166337.jpg,female
079560.jpg,female
107608.jpg,male
122826.jpg,female
137229.jpg,female
086889.jpg,male
044309.jpg,male
092039.jpg,female
006009.jpg,female
093614.jpg,female
123040.jpg,female
028042.jpg,male
138888.jpg,female
148414.jpg,female
022727.jpg,male
202197.jpg,female
194235.jpg,female
193978.jpg,female
145705.jpg,female
108944.jpg,male
049759.jpg,male
138787.jpg,male
004216.jpg,female
141804.jpg,male
174650.jpg,female
181350.jpg,male
135239.jpg,female
046284.jpg,male
172119.jpg,male
196884.jpg,female
053177.jpg,male
064794.jpg,female
082016.jpg,female
200200.jpg,male
163911.jpg,female
019920.jpg,male
169501.jpg,male
081168.jpg,female
152597.jpg,male
117678.jpg,female
061697.jpg,male
044524.jpg,female
186174.jpg,female
047695.jpg,female
107082.jpg,female
039508.jpg,female
092132.jpg,female
163655.jpg,female
108244.jpg,female
189658.jpg,male
131877.jpg,female
091412.jpg,male
167172.jpg,male
178161.jpg,female
149829.jpg,male
152278.jpg,female
194645.jpg,female
000210.jpg,male
161840.jpg,female
126322.jpg,female
026048.jpg,male
011443.jpg,female
053843.jpg,male
143226.jpg,female
060614.jpg,female
104896.jpg,female
125943.jpg,female
186090.jpg,male
182057.jpg,female
014074.jpg,female
175812.jpg,male
086374.jpg,female
170621.jpg,female
091307.jpg,female
193043.jpg,female
101375.jpg,female
109843.jpg,female
031547.jpg,female
144188.jpg,male
202375.jpg,male
021088.jpg,male
023525.jpg,female
069230.jpg,male
183099.jpg,male
034994.jpg,female
059099.jpg,male
167988.jpg,female
196211.jpg,female
049315.jpg,female
114126.jpg,male
026294.jpg,male
067361.jpg,female
079418.jpg,female
137071.jpg,female
122486.jpg,female
023225.jpg,female
072572.jpg,male
088462.jpg,male
163111.jpg,female
194468.jpg,female
129707.jpg,female
093398.jpg,male
125399.jpg,male
083020.jpg,female
151140.jpg,male
195257.jpg,female
201632.jpg,female
124199.jpg,male
168203.jpg,female
153326.jpg,male
159123.jpg,female
117398.jpg,male
034070.jpg,female
018644.jpg,female
061186.jpg,male
057591.jpg,male
060007.jpg,male
045093.jpg,female
034175.jpg,female
140958.jpg,female
057409.jpg,male
017539.jpg,female
095873.jpg,male
171905.jpg,female
049390.jpg,female
132620.jpg,female
052459.jpg,female
181616.jpg,male
047529.jpg,female
053543.jpg,male
061064.jpg,female
084895.jpg,female
183289.jpg,female
048027.jpg,male
156656.jpg,female
008020.jpg,female
011866.jpg,male
184972.jpg,male
096008.jpg,female
199698.jpg,female
050081.jpg,male
043872.jpg,female
047474.jpg,male
081911.jpg,female
185025.jpg,female
153120.jpg,male
168004.jpg,male
100881.jpg,female
188668.jpg,male
108784.jpg,female
078899.jpg,female
147018.jpg,male
071081.jpg,male
012204.jpg,male
097134.jpg,female
178877.jpg,female
021121.jpg,female
060783.jpg,female
198950.jpg,male
056712.jpg,female
047806.jpg,male
016182.jpg,female
012995.jpg,male
178378.jpg,female
083097.jpg,female
089148.jpg,female
048108.jpg,female
076121.jpg,male
133912.jpg,female
064532.jpg,male
142897.jpg,male
107373.jpg,male
173088.jpg,female
000763.jpg,female
159566.jpg,female
061583.jpg,male
193725.jpg,male
066731.jpg,female
019835.jpg,female
128910.jpg,female
151376.jpg,female
084979.jpg,male
161512.jpg,female
078562.jpg,female
118190.jpg,female
046616.jpg,male
110362.jpg,female
012756.jpg,female
065656.jpg,female
139980.jpg,male
138350.jpg,male
106367.jpg,female
189904.jpg,male
196532.jpg,male
190785.jpg,male
049006.jpg,male
165515.jpg,female
115885.jpg,male
126537.jpg,male
026770.jpg,male
046444.jpg,female
133519.jpg,female
090472.jpg,female
048963.jpg,female
082853.jpg,male
180168.jpg,male
170376.jpg,female
201419.jpg,male
104080.jpg,male
106723.jpg,male
056148.jpg,female
087730.jpg,female
108016.jpg,female
177775.jpg,male
110365.jpg,female
049199.jpg,male
109608.jpg,female
100433.jpg,male
017290.jpg,female
004386.jpg,male
105542.jpg,female
199489.jpg,male
145848.jpg,female
201767.jpg,female
165809.jpg,female
006738.jpg,female
094319.jpg,female
193073.jpg,female
140651.jpg,female
015317.jpg,female
157635.jpg,female
083305.jpg,female
006796.jpg,male
187864.jpg,male
187802.jpg,female
036373.jpg,male
095066.jpg,female
139035.jpg,female
080089.jpg,male
094494.jpg,male
038878.jpg,male
181522.jpg,male
016037.jpg,male
191410.jpg,female
050125.jpg,male
018453.jpg,female
049193.jpg,male
061018.jpg,male
104205.jpg,male
110866.jpg,male
188758.jpg,female
050420.jpg,female
079086.jpg,female
168145.jpg,male
020559.jpg,female
078389.jpg,male
155594.jpg,female
154316.jpg,female
099470.jpg,male
154071.jpg,female
093702.jpg,female
022389.jpg,female
092674.jpg,female
086512.jpg,female
138573.jpg,female
197752.jpg,female
168325.jpg,female
195381.jpg,female
158830.jpg,female
114468.jpg,female
026734.jpg,male
004575.jpg,female
147112.jpg,male
080378.jpg,male
126944.jpg,female
087484.jpg,male
199078.jpg,female
120728.jpg,male
106117.jpg,male
164653.jpg,male
088643.jpg,male
000345.jpg,female
056184.jpg,male
157316.jpg,female
111181.jpg,female
091230.jpg,female
179207.jpg,female
128971.jpg,male
201107.jpg,female
129209.jpg,male
114865.jpg,male
007795.jpg,female
019406.jpg,male
118323.jpg,female
181381.jpg,female
123558.jpg,female
001494.jpg,female
175256.jpg,male
181688.jpg,female
056991.jpg,female
168329.jpg,male
161469.jpg,female
181386.jpg,male
165253.jpg,female
157077.jpg,female
148317.jpg,female
160675.jpg,male
055074.jpg,female
052003.jpg,female
025569.jpg,male
001130.jpg,female
191538.jpg,male
011851.jpg,male
127287.jpg,female
134157.jpg,female
153275.jpg,male
162621.jpg,male
085816.jpg,female
049160.jpg,female
123583.jpg,female
034447.jpg,female
016057.jpg,male
079484.jpg,male
055698.jpg,male
183712.jpg,female
157778.jpg,female
045111.jpg,female
045258.jpg,female
056182.jpg,female
099477.jpg,female
154112.jpg,female
153060.jpg,male
057868.jpg,male
142387.jpg,female
072301.jpg,female
146447.jpg,female
063107.jpg,female
031712.jpg,male
111107.jpg,female
129849.jpg,female
156602.jpg,female
179017.jpg,male
155182.jpg,male
098102.jpg,female
119227.jpg,male
065462.jpg,female
049003.jpg,female
149797.jpg,male
122668.jpg,female
121348.jpg,male
200654.jpg,female
101447.jpg,female
182357.jpg,female
169828.jpg,female
050246.jpg,male
151260.jpg,female
124205.jpg,female
026553.jpg,female
094703.jpg,female
202307.jpg,female
093989.jpg,female
013302.jpg,male
014172.jpg,female
093721.jpg,female
120097.jpg,female
188432.jpg,female
179194.jpg,female
156969.jpg,female
056547.jpg,male
044959.jpg,male
126502.jpg,female
199892.jpg,female
057536.jpg,male
082243.jpg,female
121992.jpg,male
099690.jpg,female
135712.jpg,male
113961.jpg,female
028694.jpg,male
161295.jpg,male
067168.jpg,male
062942.jpg,female
187446.jpg,female
177456.jpg,female
054236.jpg,female
178777.jpg,female
038061.jpg,male
045389.jpg,female
145871.jpg,female
167824.jpg,male
100500.jpg,male
174378.jpg,female
001231.jpg,male
001020.jpg,male
089918.jpg,male
115672.jpg,male
086711.jpg,female
064089.jpg,female
178041.jpg,female
051103.jpg,male
167896.jpg,male
140428.jpg,female
120549.jpg,female
080304.jpg,female
041558.jpg,female
006226.jpg,male
186062.jpg,male
129524.jpg,male
156904.jpg,female
159470.jpg,male
111987.jpg,male
158772.jpg,male
069357.jpg,male
168555.jpg,female
197956.jpg,female
195416.jpg,male
074652.jpg,female
005280.jpg,female
159747.jpg,female
195698.jpg,female
140209.jpg,female
085346.jpg,male
106680.jpg,male
140710.jpg,male
057859.jpg,male
104866.jpg,female
065497.jpg,male
185919.jpg,male
025388.jpg,female
152332.jpg,male
184301.jpg,male
083180.jpg,male
200726.jpg,female
101526.jpg,female
079110.jpg,female
016550.jpg,female
037113.jpg,female
033037.jpg,male
004583.jpg,male
110207.jpg,female
085876.jpg,male
152523.jpg,male
050358.jpg,male
122146.jpg,female
043882.jpg,female
075491.jpg,female
024913.jpg,female
143598.jpg,male
142905.jpg,female
055099.jpg,male
136249.jpg,male
189197.jpg,male
005501.jpg,male
120572.jpg,female
082919.jpg,female
097692.jpg,female
035595.jpg,male
046203.jpg,male
103091.jpg,female
184461.jpg,male
106226.jpg,male
190848.jpg,male
151827.jpg,female
186315.jpg,female
172772.jpg,female
115780.jpg,female
057397.jpg,female
016707.jpg,female
045278.jpg,female
035940.jpg,female
001239.jpg,male
056818.jpg,male
026348.jpg,female
155388.jpg,female
126682.jpg,male
100125.jpg,female
128541.jpg,female
139711.jpg,female
023253.jpg,male
050067.jpg,female
028156.jpg,female
191370.jpg,female
011614.jpg,male
112065.jpg,female
047846.jpg,male
089397.jpg,female
080619.jpg,male
039358.jpg,female
112826.jpg,male
166382.jpg,female
083688.jpg,female
153412.jpg,female
087122.jpg,male
079240.jpg,female
096125.jpg,female
081170.jpg,female
133539.jpg,male
022098.jpg,female
003193.jpg,female
181667.jpg,female
173211.jpg,female
109723.jpg,male
142151.jpg,female
113798.jpg,female
009599.jpg,female
195065.jpg,female
113531.jpg,male
137149.jpg,male
179792.jpg,male
167303.jpg,female
032125.jpg,female
180435.jpg,male
090790.jpg,female
057592.jpg,female
072013.jpg,female
201291.jpg,male
119655.jpg,female
047994.jpg,female
107265.jpg,female
058695.jpg,male
108414.jpg,female
151854.jpg,female
143560.jpg,male
138878.jpg,male
072260.jpg,female
